id,title,count,slug
1,"Afghan Names",6,afghan-names
2,"African American Names",326,african-american-names
3,"African Names",54,african-names
4,"Akan Names",1,akan-names
5,"Albanian Names",2,albanian-names
6,"Algerian Names",9,algerian-names
7,"American Names",1190,american-names
8,"Ancient Egyptian Names",3,ancient-egyptian-names
9,"Animal Names",8,animal-names
10,"Arabic Names",84,arabic-names
11,"Aramaic Names",8,aramaic-names
12,"Argentine Names",80,argentine-names
13,"Armenian Names",21,armenian-names
14,"Asian Names",31,asian-names
15,"Australian Names",208,australian-names
16,"Austrian Names",25,austrian-names
17,"Aztec Names",2,aztec-names
18,"Basque Names",6,basque-names
19,"Belgian Names",22,belgian-names
20,"Bible Names",67,bible-names
21,"Biblical Names",189,biblical-names
22,"Bolivian Names",57,bolivian-names
23,"Botswanan Names",1,botswanan-names
24,"Brazilian Names",12,brazilian-names
25,"Breton Names",1,breton-names
26,"British Names",331,british-names
27,"Bulgarian Names",22,bulgarian-names
28,"Calendar Names",10,calendar-names
29,"Canadian Names",526,canadian-names
30,"Catalan Names",7,catalan-names
31,"Celebrity Baby Names",13,celebrity-baby-names
32,"Celebrity Names",66,celebrity-names
33,"Celestial Names",15,celestial-names
34,"Celtic Names",152,celtic-names
35,"Chilean Names",69,chilean-names
36,"Christian Names",136,christian-names
37,"Classic Names",1,classic-names
38,"Color Names",34,color-names
39,"Comedian Names",15,comedian-names
40,"Compound Names",3,compound-names
41,"Contemporary Names",3,contemporary-names
42,"Cool Names",51,cool-names
43,"Cornish Names",6,cornish-names
44,"Costa Rican Names",62,costa-rican-names
45,"Cowboy Names",25,cowboy-names
46,"Cowgirl Names",4,cowgirl-names
47,"Croatian Names",11,croatian-names
48,"Cuban Names",65,cuban-names
49,"Cute Names",47,cute-names
50,"Czech Names",30,czech-names
51,"Danish Names",24,danish-names
52,"Disney Names",16,disney-names
53,"Dutch Names",64,dutch-names
54,"Earthy Names",79,earthy-names
55,"Easter Names",7,easter-names
56,"Ecuadorian Names",54,ecuadorian-names
57,"Egyptian Names",4,egyptian-names
58,"English Names",1260,english-names
59,"Estonian Names",6,estonian-names
60,"Ethiopian Names",6,ethiopian-names
61,"Farsi Names",10,farsi-names
62,"Finnish Names",22,finnish-names
63,"Floral Names",23,floral-names
64,"Flower Names",21,flower-names
65,"French Names",175,french-names
66,"Frisian Names",2,frisian-names
67,"Fun Names",13,fun-names
68,"Gaelic Names",45,gaelic-names
69,"German Names",143,german-names
70,"Germanic Names",103,germanic-names
71,"Ghanaian Names",1,ghanaian-names
72,"God and Goddess Names",3,god-and-goddess-names
73,"Goddess Names",3,goddess-names
74,"Gothic Names",11,gothic-names
75,"Greek Mythological Names",37,greek-mythological-names
76,"Greek Names",93,greek-names
77,"Green Names",81,green-names
78,"Harry Potter Names",72,harry-potter-names
79,"Hawaiian Names",15,hawaiian-names
80,"Heavenly Names",13,heavenly-names
81,"Hebrew Names",157,hebrew-names
82,"Heroic Names",2,heroic-names
83,"Hindi Names",57,hindi-names
84,"Hindu Names",57,hindu-names
85,"Holiday Names",1,holiday-names
86,"Hungarian Names",22,hungarian-names
87,"Icelandic Names",3,icelandic-names
88,"Indian Names",92,indian-names
89,"Indonesian Names",4,indonesian-names
90,"Iranian Names",9,iranian-names
91,"Iraqi Names",11,iraqi-names
92,"Irish Names",159,irish-names
93,"Island Names",3,island-names
94,"Israeli Names",3,israeli-names
95,"Italian Names",131,italian-names
96,"Jamaican Names",2,jamaican-names
97,"Japanese Names",21,japanese-names
98,"Jewel Names",15,jewel-names
99,"Jewish Names",138,jewish-names
100,"Kenyan Names",24,kenyan-names
101,"Korean Names",1,korean-names
102,"Latin Names",52,latin-names
103,"Latvian Names",4,latvian-names
104,"Lebanese Names",9,lebanese-names
105,"Literary Characters Names",121,literary-characters-names
106,"Lithuanian Names",4,lithuanian-names
107,"Love Names",14,love-names
108,"Malaysian Names",7,malaysian-names
109,"Maori Names",2,maori-names
110,"Mexican Names",108,mexican-names
111,"Middle Names",38,middle-names
112,"Moroccan Names",5,moroccan-names
113,"Movie Star Names",2,movie-star-names
114,"Musical Names",5,musical-names
115,"Muslim Names",51,muslim-names
116,"Mythological Names",62,mythological-names
117,"Native American Names",6,native-american-names
118,"Nature Names",143,nature-names
119,"Navarre Names",6,navarre-names
120,"New Zealand Names",86,new-zealand-names
121,"Nicknames or Pet Names",397,nicknames-or-pet-names
122,"Nigerian Names",5,nigerian-names
123,"Nordic Names",6,nordic-names
124,"Norman Names",32,norman-names
125,"Norwegian Names",18,norwegian-names
126,"Occupational Names",26,occupational-names
127,"Old English Names",66,old-english-names
128,"Pacific Islander Names",5,pacific-islander-names
129,"Pakistani Names",4,pakistani-names
130,"Panamanian Names",27,panamanian-names
131,"Persian Names",14,persian-names
132,"Peruvian Names",48,peruvian-names
133,"Pirate Names",13,pirate-names
134,"Places Names",167,places-names
135,"Polish Names",71,polish-names
136,"Polynesian Names",6,polynesian-names
137,"Popular Names",42,popular-names
138,"Portuguese Names",69,portuguese-names
139,"Preppy Names",1,preppy-names
140,"President Names",58,president-names
141,"Puerto Rican Names",21,puerto-rican-names
142,"Punjabi Names",10,punjabi-names
143,"Rare Names",1,rare-names
144,"Roman Names",64,roman-names
145,"Romanian Names",19,romanian-names
146,"Royal Names",10,royal-names
147,"Russian Names",85,russian-names
148,"Saints Names",134,saints-names
149,"Salvadoran Names",45,salvadoran-names
150,"Sanskrit Names",62,sanskrit-names
151,"Saudi Names",3,saudi-names
152,"Saxon Names",2,saxon-names
153,"Scandinavian Names",69,scandinavian-names
154,"Scottish Names",121,scottish-names
155,"Serbian Names",13,serbian-names
156,"Shakespeare Names",44,shakespeare-names
157,"Sikh Names",10,sikh-names
158,"Slavic Names",8,slavic-names
159,"Slovak Names",16,slovak-names
160,"Slovenian Names",16,slovenian-names
161,"Soap Opera Names",1,soap-opera-names
162,"Somali Names",2,somali-names
163,"Sotho Names",1,sotho-names
164,"South African Names",6,south-african-names
165,"Southern Names",24,southern-names
166,"Spanish Names",228,spanish-names
167,"Sports Names",12,sports-names
168,"Spring Names",9,spring-names
169,"Superhero Names",1,superhero-names
170,"Surnames Names",478,surnames-names
171,"Swahili Names",35,swahili-names
172,"Swedish Names",31,swedish-names
173,"Swiss Names",2,swiss-names
174,"Tanzanian Names",25,tanzanian-names
175,"Teutonic Names",2,teutonic-names
176,"Tibetan Names",1,tibetan-names
177,"Tolkien Names",4,tolkien-names
178,"Tree Names",7,tree-names
179,"Trendy Names",2,trendy-names
180,"Turkish Names",5,turkish-names
181,"Twilight Names",62,twilight-names
182,"Ukrainian Names",6,ukrainian-names
183,"Uncommon Names",7,uncommon-names
184,"Unique Names",51,unique-names
185,"Unisex Names",77,unisex-names
186,"Unusual Names",11,unusual-names
187,"Victorian Names",1,victorian-names
188,"Vietnamese Names",5,vietnamese-names
189,"Virtue Names",22,virtue-names
190,"War Names",1,war-names
191,"Welsh Names",55,welsh-names
192,"Xhosa Names",1,xhosa-names
193,"Yiddish Names",3,yiddish-names
194,"Yoruba Names",1,yoruba-names
